<?xml version="1.0" encoding="UTF-8"?>
<project-private xmlns="http://www.netbeans.org/ns/project-private/1">
    <editor-bookmarks xmlns="http://www.netbeans.org/ns/editor-bookmarks/2" lastBookmarkId="0"/>
    <open-files xmlns="http://www.netbeans.org/ns/projectui-open-files/2">
        <group>
            <file>file:/C:/wamp/www/CMSR/web/home.php</file>
            <file>file:/C:/wamp/www/CMSR/backend/products/add.php</file>
            <file>file:/C:/wamp/www/CMSR/backend/jobCard/editJobCard.php</file>
            <file>file:/C:/wamp/www/CMSR/backend/serviceType/addServiceType.php</file>
            <file>file:/C:/wamp/www/CMSR/backend/jobCard/editJobCardSupervisor.php</file>
            <file>file:/C:/wamp/www/CMSR/backend/user/dashboard/stockKeeper.php</file>
            <file>file:/C:/wamp/www/CMSR/backend/attendance/viewAttandance.php</file>
            <file>file:/C:/wamp/www/CMSR/backend/jobCard/editJobCardStockKeeper.php</file>
            <file>file:/C:/wamp/www/CMSR/web/customer/addVehicle.php</file>
            <file>file:/C:/wamp/www/CMSR/web/customer/addCustomer.php</file>
            <file>file:/C:/wamp/www/CMSR/web/customer/viewVehicle.php</file>
            <file>file:/C:/wamp/www/CMSR/backend/order/requesting/viewReleasedAll.php</file>
            <file>file:/C:/wamp/www/CMSR/backend/order/requesting/viewRelItems.php</file>
            <file>file:/C:/wamp/www/CMSR/backend/serviceType/editServiceType.php</file>
            <file>file:/C:/wamp/www/CMSR/backend/user/dashboard/manager.php</file>
            <file>file:/C:/wamp/www/CMSR/web/customer/logout.php</file>
            <file>file:/C:/wamp/www/CMSR/web/customer/login.php</file>
            <file>file:/C:/wamp/www/CMSR/backend/user/dashboard/proprietor.php</file>
        </group>
    </open-files>
</project-private>
