<?xml version="1.0" encoding="UTF-8"?>
<project-private xmlns="http://www.netbeans.org/ns/project-private/1">
    <editor-bookmarks xmlns="http://www.netbeans.org/ns/editor-bookmarks/2" lastBookmarkId="0"/>
    <open-files xmlns="http://www.netbeans.org/ns/projectui-open-files/2">
        <group>
            <file>file:/C:/wamp/www/CMSR/backend/user/menu/supervisor.php</file>
            <file>file:/C:/wamp/www/CMSR/backend/vehicle_catergory/addVehicleCatergory.php</file>
            <file>file:/C:/wamp/www/CMSR/backend/serviceType/addServiceType.php</file>
            <file>file:/C:/wamp/www/CMSR/backend/vehicle_catergory/addVehicleBrand.php</file>
            <file>file:/C:/wamp/www/CMSR/backend/user/menu/manager.php</file>
            <file>file:/C:/wamp/www/CMSR/backend/vehicle_catergory/addVehicleModel.php</file>
            <file>file:/C:/wamp/www/CMSR/backend/attendance/viewAttandance.php</file>
            <file>file:/C:/wamp/www/CMSR/backend/attendance/viewAbsentEmp.php</file>
            <file>file:/C:/wamp/www/CMSR/backend/serviceType/ViewServiceType.php</file>
            <file>file:/C:/wamp/www/CMSR/backend/vehicle_catergory/ViewVehicleCatergory.php</file>
        </group>
    </open-files>
</project-private>
