<?xml version="1.0" encoding="UTF-8"?>
<project-private xmlns="http://www.netbeans.org/ns/project-private/1">
    <editor-bookmarks xmlns="http://www.netbeans.org/ns/editor-bookmarks/2" lastBookmarkId="0"/>
    <open-files xmlns="http://www.netbeans.org/ns/projectui-open-files/2">
        <group>
            <file>file:/C:/wamp/www/CMSR/backend/attendance/loadusers.php</file>
            <file>file:/C:/wamp/www/CMSR/backend/user/dashboard/admin.php</file>
            <file>file:/C:/wamp/www/CMSR/backend/attendance/updateAttendance.php</file>
            <file>file:/C:/wamp/www/CMSR/backend/appointments/viewAppointment.php</file>
            <file>file:/C:/wamp/www/CMSR/backend/attendance/loadusersOff.php</file>
            <file>file:/C:/wamp/www/CMSR/backend/attendance/viewAttandance.php</file>
            <file>file:/C:/wamp/www/CMSR/backend/attendance/viewAbsentEmp.php</file>
            <file>file:/C:/wamp/www/CMSR/backend/attendance/addAttendance.php</file>
        </group>
    </open-files>
</project-private>
